--CREATING CONTACT TABLE BY MQ
CREATE TABLE CONTACT
(NAME VARCHAR2(20),
PHONE# NUMBER(10),
EMERGANCY NUMBER(10),
RELATION VARCHAR2(10),
EMAIL VARCHAR2(30),
    CONSTRAINT CONTACT_CONTACT#_PK PRIMARY KEY(PHONE#));

--CREATING DEPARTMENT TABLE BY MQ
CREATE TABLE DEPARTMENT
(DEPARTMENT_ID NUMBER(10),
NAME VARCHAR2(25) NOT NULL,
ADDRESS VARCHAR2(25),
PHONE# NUMBER(10),
    CONSTRAINT DEPARTMENT_DEPARTMENT_ID_PK PRIMARY KEY(DEPARTMENT_ID),
    CONSTRAINT DEPARTMENT_PHONE#_FK FOREIGN KEY(PHONE#)
        REFERENCES CONTACT(PHONE#));

--CREATING CRIME TABLE BY MQ
CREATE TABLE CRIME
(CRIME_ID NUMBER(10),
TYPE VARCHAR2(15) NOT NULL,
CRIMINALS NUMBER(2),
WEAPONS NUMBER(2),
OFFICERS NUMBER(2),
ADDRESS VARCHAR(25),
CRIME_DATE DATE,
    CONSTRAINT CRIME_CRIME_ID_PK PRIMARY KEY(CRIME_ID));

--Creating CRIMINAL TABLE BY AD
CREATE TABLE CRIMINAL
(CRIME_ID NUMBER(10),
CRIMINAL_ID NUMBER(10),
F_NAME VARCHAR2(10) NOT NULL,
L_NAME VARCHAR2(10) NOT NULL,
GENDER CHAR(1),
ARREST_DATE DATE,
BIRTH_DATE DATE,
ADDRESS VARCHAR(25),
PHONE# NUMBER(10),
    CONSTRAINT CRIMINAL_CRIMINAL_ID_PK PRIMARY KEY(CRIMINAL_ID),
    CONSTRAINT CRIMINAL_CRIME_ID_FK FOREIGN KEY(CRIME_ID)
        REFERENCES CRIME(CRIME_ID),
    CONSTRAINT CRIMINAL_PHONE#_FK FOREIGN KEY(PHONE#)--MQ
        REFERENCES CONTACT(PHONE#),
    CONSTRAINT CRIMINAL_GENDER_CK CHECK(GENDER IN('M','F')));--MQ
    
--CREATING CASE TABLE BY AD   
CREATE TABLE CASE
(CRIMINAL_ID NUMBER(10),
CASE# NUMBER(10),
COURT_NAME VARCHAR2(15),
JUDGE VARCHAR2(15),
STATUS VARCHAR2(10),
VERDICT VARCHAR2(10),
SENTENCE VARCHAR2(20),
    CONSTRAINT CASE_CASE#_PK PRIMARY KEY(CASE#),
    CONSTRAINT CASE_CRIMINAL_ID_FK FOREIGN KEY(CRIMINAL_ID)
        REFERENCES CRIMINAL(CRIMINAL_ID));
        
ALTER TABLE CASE
MODIFY SENTENCE VARCHAR2(30);

--CREATING WEAPON TABLE BY AD       
CREATE TABLE WEAPON
(WEAPON_ID NUMBER(10),
CRIME_ID NUMBER(10),
Type VARCHAR2(10) NOT NULL,
SERIAL# VARCHAR2(10),
    CONSTRAINT WEAPON_WEAPON_ID_PK PRIMARY KEY(WEAPON_ID),--MQ
    CONSTRAINT WEAPON_CRIME_ID_FK FOREIGN KEY(CRIME_ID)
        REFERENCES CRIME(CRIME_ID));
        
--CREATING OFFICER TABLE BY MQ
CREATE TABLE OFFICER
(SERIAL# NUMBER(2),
F_NAME VARCHAR2(10) NOT NULL,
L_NAME VARCHAR2(10) NOT NULL,
CRIME_ID NUMBER(10),
BADGE# NUMBER(10),
DEPARTMENT_ID NUMBER(10),
PHONE# NUMBER(10),
RANK VARCHAR2(10),
    CONSTRAINT OFFICER_SERIAL#_PK PRIMARY KEY(SERIAL#),
    CONSTRAINT OFFICER_CRIME_ID_FK FOREIGN KEY(CRIME_ID)
        REFERENCES CRIME(CRIME_ID),
    CONSTRAINT OFFICER_DEPARTMENT_ID_FK FOREIGN KEY(DEPARTMENT_ID)
        REFERENCES DEPARTMENT(DEPARTMENT_ID),
    CONSTRAINT OFFICER_PHONE#_FK FOREIGN KEY(PHONE#)
        REFERENCES CONTACT(PHONE#),
    CONSTRAINT OFFICER_RANK_CK CHECK(RANK IN('CONSTABLE','DETECTIVE','SERGEANT', 'CAPTAIN', 'CHIEF')));--?AD

--CREATING VICTIM TABLE BY MQ
CREATE TABLE VICTIM
(VICTIM_ID NUMBER(10),
F_NAME VARCHAR2(10) NOT NULL,
L_NAME VARCHAR2(10) NOT NULL,
GENDER CHAR(1),
CRIME_ID NUMBER(10),
Birth_DATE DATE,
STATUS VARCHAR2(8),
ADDRESS VARCHAR2(25),
PHONE# NUMBER(10),
    CONSTRAINT VICTIM_VICTIM_ID_PK PRIMARY KEY(VICTIM_ID),
    CONSTRAINT VICTIM_CRIME_ID_FK FOREIGN KEY(CRIME_ID)
        REFERENCES CRIME(CRIME_ID),
    CONSTRAINT VICTIM_PHONE#_FK FOREIGN KEY(PHONE#)
        REFERENCES CONTACT(PHONE#),
    CONSTRAINT VICTIM_GENDER_CK CHECK(GENDER IN('M','F')),
    CONSTRAINT VICTIM_STATUS_CK CHECK(STATUS IN('DEAD','INJURED','UNHARMED')));
    


---DROPPING
DROP TABLE VICTIM;
DROP TABLE CASE;
DROP TABLE OFFICER;
DROP TABLE WEAPON;
DROP TABLE CRIME;
DROP TABLE DEPARTMENT;
DROP TABLE CRIMINAL;
DROP TABLE CONTACT;

--Scenario 1 By MQ
INSERT INTO CONTACT
VALUES('ROJINA CHEMJONG',4169950371, 4169645687, 'SISTER','ROJINA@GMAIL.COM');
INSERT INTO CONTACT
VALUES('GEORGE MARTIN',4378569713, 4371496835, 'BROTHER',NULL);
INSERT INTO CONTACT
VALUES('HELEN BROWN',4370056789, 4378529638, 'DAUGHTER','HELEN999@GMAIL.COM');
--INSERT INTO DEPARTMENT
--VALUES(215 ,'CITY CENTER POLICE', '28 EGLINTON AVE', 4376432752);
INSERT INTO CRIME
VALUES(66101, 'ASSAULT', 1, 1, 1, '2190 MARKHAM',TO_DATE('09-JAN-24','DD-MON-YY'));
INSERT INTO CRIMINAL
VALUES(66101, 1001, 'GEORGE','MARTIN', 'M', TO_DATE('09-JAN-24','DD-MON-YY'), TO_DATE('11-AUG-89','DD-MON-YY'), '855 YORK ROAD', 4378569713);
INSERT INTO CASE
VALUES(1001, 1011001, 'SUPERIOR COURT', 'LINDA CARTER', 'CLOSED', 'GUILTY', '3 YEARS SENTENCE');
INSERT INTO WEAPON
VALUES(5006, 66101, 'KNIFE', NULL);
INSERT INTO OFFICER
VALUES(05, 'ROJINA','CHEMJONG', 66101, 9957365, 215, 4169950371, 'CONSTABLE');
INSERT INTO VICTIM
VALUES(1011, 'HELEN', 'BROWN', 'F', 66101, TO_DATE('25-SEP-90','DD-MON-YY'), 'INJURED', '2190 MARKHAM', 4370056789);

--Scenario 2 By AD
INSERT INTO CONTACT
VALUES('WALTER WHITE',4378445176, 4377428743, 'WIFE','HEISENBERG@YAHOO.COM');
INSERT INTO CONTACT
VALUES('JESSE PINKMAN',6478445317, 4378445176, 'FRIEND','JMAN@GMAIL.COM');
INSERT INTO CONTACT
VALUES('ABDALLAH DIVKAR', 4379553205, 4374257453, 'FRIEND','ADIVKAR@GMAIL.COM');
INSERT INTO CONTACT
VALUES( 'MOHAMMAD QUAZI', 4375852408, 6472354538, 'FATHER','MQUAZI@GMAIL.COM');
INSERT INTO CONTACT
VALUES('BAYVIEW POLICE', 6475794358, NULL, 'NULL','BAYVIEWPD@GMAIL.COM');
INSERT INTO DEPARTMENT
VALUES(217,'BAYVIEW POLICE', '53 BAYVIEW PLAZA', 6475794358);
INSERT INTO CRIME
VALUES(33101, 'DRUG DEAL', 2, 3, 2, '1562 McNicoll Ave',TO_DATE('15-JUL-24','DD-MON-YY'));
INSERT INTO CRIMINAL
VALUES(33101, 1003, 'WALTER','WHITE', 'M', TO_DATE('15-JUL-24','DD-MON-YY'), TO_DATE('07-SEP-65','DD-MON-YY'), '308 NEGRA ARROYO LANE', 4378445176);
INSERT INTO CRIMINAL
VALUES(33101, 1004, 'JESSE','PINKMAN', 'M', TO_DATE('15-JUL-24','DD-MON-YY'), TO_DATE('15-MAR-99','DD-MON-YY'), '85 ELLESMERE ROAD', 6478445317);
INSERT INTO CASE
VALUES(1003, 1021003, 'SUPREME COURT', 'LINDA CARTER', 'CLOSED', 'GUILTY', 'LIFE SENTENCE');
INSERT INTO CASE
VALUES(1004, 1021004, 'SUPREME COURT', 'LINDA CARTER', 'CLOSED', 'GUILTY', 'LIFE SENTENCE');
INSERT INTO WEAPON
VALUES(5001, 33101, 'AK-47', 'AK146347');
INSERT INTO WEAPON
VALUES(5002, 33101, 'AK-47', 'AK168483');
INSERT INTO WEAPON
VALUES(5003, 33101, 'RIFLE', 'RIF125741');
INSERT INTO OFFICER
VALUES(01, 'ABDALLAH','DIVKAR', 33101, 9987435, 217, 4379553205, 'DETECTIVE');
INSERT INTO OFFICER
VALUES(02, 'MOHAMMAD','QUAZI', 33101, 9987543, 217, 4375852408, 'DETECTIVE');

--Scenario 3 By AD
INSERT INTO CONTACT
VALUES('AHMAD AL-BOUCHI', 6473457623, 4376318352, 'BROTHER', 'AHMADBOUCHI@YAHOO.COM');
INSERT INTO CONTACT
VALUES('JOHN SMITH', 4379554205, 4378321873, 'WIFE', 'JSMITH21@GMAIL.COM');
INSERT INTO CONTACT
VALUES('ADRIAN PIMENTO', 4372763921, NULL, NULL, 'PIMENTO23@HOTMAIL.COM');
INSERT INTO CONTACT
VALUES('CITY CENTER POLICE', 4376432752, NULL, NULL, 'CCPD@OUTLOOK.COM');
INSERT INTO DEPARTMENT
VALUES(215 ,'CITY CENTER POLICE', '28 EGLINTON AVE', 4376432752);
INSERT INTO CRIME
VALUES(22192, 'MURDER', 1, 1, 1, '789 Elm Street', TO_DATE('20-APR-24','DD-MON-YY'));
INSERT INTO CRIMINAL
VALUES(22192, 1005, 'ADRIAN', 'PIMENTO', 'M', TO_DATE('29-JUL-24','DD-MON-YY'), TO_DATE('12-MAY-94','DD-MON-YY'), '12 MARKHAM RD', 4372763921);
INSERT INTO WEAPON
VALUES(5004, 22192, 'RIFLE', 'RIF173528');
INSERT INTO CASE
VALUES(1005, 1031005, 'CITY COURT', 'RYAN WILLIAMS', 'PENDING', NULL, 'NULL');
INSERT INTO OFFICER
VALUES(03, 'AHMAD', 'AL-BOUCHI', 22192, 9857362, 215, 6473457623, 'DETECTIVE');
INSERT INTO VICTIM
VALUES(1012, 'JOHN', 'SMITH', 'M', 22192, TO_DATE('21-MAR-99','DD-MON-YY'), 'DEAD', '789 Elm Street', 4379554205);

--Scenario 4 By AA
INSERT INTO CONTACT
VALUES('ERUO HALLA', 8521479636, 4378942351, 'BROTHER', 'ERUO@YAHOO.COM');
INSERT INTO CONTACT
VALUES('LOUAY AHMAD', 8796451232, 7412589637, 'FRIEND', 'LOUAY@GMAIL.COM');
INSERT INTO CONTACT
VALUES('MOFAG ABDUL', 8251479636, NULL, NULL, 'MOFAG@HOTMAIL.COM');
INSERT INTO CONTACT
VALUES('JACOB SMITH', 4378347652, NULL, NULL, 'JSMITH12@GMAIL.COM');
INSERT INTO CONTACT
VALUES('PROGRESS POLICE', 6475672351, NULL, NULL, 'PPC@OUTLOOK.COM');
INSERT INTO DEPARTMENT
VALUES(216 ,'PROGRESS POLICE', '978 PROGRESS AVE', 6475672351);
INSERT INTO CRIME
VALUES(22147, 'MURDER', 2, 1, 1, '85 YONGE ST', TO_DATE('18-MAY-24','DD-MON-YY'));
INSERT INTO CRIMINAL
VALUES(22147, 1006, 'ERUO', 'HALLA', 'M', TO_DATE('18-MAY-24','DD-MON-YY'), TO_DATE('02-MAY-94','DD-MON-YY'), '30 MIDLAND', 8521479636);
INSERT INTO CRIMINAL
VALUES(22147, 1007, 'LOUAY', 'AHMAD', 'M', TO_DATE('18-MAY-24','DD-MON-YY'), TO_DATE('02-APR-84','DD-MON-YY'), '03 ROSEDALE', 8796451232);
INSERT INTO WEAPON
VALUES(5005, 22147, 'KNIFE', 'NULL');
INSERT INTO CASE
VALUES(1006, 1031006, 'SUPREME COURT', 'JOHN KOK', 'CLOSED', 'GUILTY', '10 YEAR SENTENCE');
INSERT INTO CASE
VALUES(1007, 1031007, 'SUPREME COURT', 'JOHN KOK', 'CLOSED', 'GUILTY', '10 YEAR SENTENC');
INSERT INTO OFFICER
VALUES(04, 'MOFAG', 'ABDUL', 22147, 7412582, 216, 8251479636, 'CONSTABLE');
INSERT INTO VICTIM
VALUES(1017, 'JACOB', 'SMITH', 'M', 22147, TO_DATE('21-MAR-02','DD-MON-YY'), 'DEAD', '85 MARKHAM ST', 4378347652);

--SCENARIO 5 BY MQ
INSERT INTO CONTACT
VALUES('PETER PARKER',4370001234, 4374781258, 'FATHER',NULL);
INSERT INTO CONTACT
VALUES('MICHELLE JONES',4370005678, 4851478564, 'FATHER',NULL);
INSERT INTO CONTACT
VALUES('CHARLIE SMITH',4370012345, 5824793258, 'WIFE','CHARLIE85@GMAIL.COM');
--INSERT INTO DEPARTMENT
--VALUES(217,'BAYVIEW POLICE', '53 BAYVIEW PLAZA', 6475794358);
INSERT INTO CRIME
VALUES(11101, 'ROBBERY', 2, 1, 2, '123 ELM STREET',TO_DATE('01-APR-24','DD-MON-YY'));
INSERT INTO CRIMINAL
VALUES(11101, 1008, 'PETER','PARKER', 'M', TO_DATE('09-APR-24','DD-MON-YY'), TO_DATE('13-MAY-91','DD-MON-YY'), '46 PINE ROAD', 4370001234);
INSERT INTO CRIMINAL
VALUES(11101, 1009, 'MICHELLE','JONES', 'F', TO_DATE('03-APR-24','DD-MON-YY'), TO_DATE('23-FEB-92','DD-MON-YY'), '78 OAK ROAD', 4370005678);
INSERT INTO CASE
VALUES(1008, 1041008, 'CITY COURT', 'RYAN WILLIAMS', 'CLOSED', 'GUILTY', '10 YEARS SENTENCE');
INSERT INTO CASE
VALUES(1009, 1051009, 'CITY COURT', 'RYAN WILLIAMS', 'CLOSED', 'GUILTY', '5 YEARS SENTENCE');
INSERT INTO WEAPON
VALUES(5007, 11101, 'RIFLE', 'R456477');
INSERT INTO OFFICER
VALUES(06, 'ABDALLAH','DIVKAR', 11101, 9987435, 217, 4379553205, 'DETECTIVE');
INSERT INTO OFFICER
VALUES(07, 'MOHAMMAD','QUAZI', 11101, 9987543, 217, 4375852408, 'DETECTIVE');
INSERT INTO VICTIM
VALUES(1014, 'CHARLIE', 'SMITH', 'M', 11101, TO_DATE('17-OCT-80','DD-MON-YY'), 'INJURED', '100 MAPLE STREET', 4370012345);

--SCENARIO 6 BY AD
INSERT INTO CONTACT
VALUES('JACK BLACK', 6471284293, 4378432282, 'FRIEND', NULL);
INSERT INTO CRIME
VALUES(44103, 'VANDALISM', 2, NULL, 1, '25 QUEEN ST. WEST', TO_DATE('17-OCT-23','DD-MON-YY'));
INSERT INTO CRIMINAL
VALUES(44103, 1010, 'JACK', 'BLACK', 'M', TO_DATE('17-OCT-23','DD-MON-YY'), TO_DATE('07-NOV-93','DD-MON-YY'), '13 GATEFORTH DR', 6471284293);
INSERT INTO CASE
VALUES(1010, 1061010, 'CITY COURT', 'LINDA CARTER', 'CLOSED', 'GUILTY', '2 MONTHS COMMUNITY SERVICE');
INSERT INTO OFFICER
VALUES(08, 'ROJINA', 'CHEMJONG', 44103, 9957365, 215, 4169950371, 'CONSTABLE');

--SCENARIO 7 BY MQ
INSERT INTO CONTACT
VALUES('TONY STARK',4166827618, 4379638528, 'WIFE','TONYSTARK@GMAIL.COM');
INSERT INTO CONTACT
VALUES('LOKI AZGARDIAN',4378732954, NULL, NULL,NULL);
INSERT INTO CONTACT
VALUES('ISHA METWANI',4167895123, 4167539518, 'MOTHER','ISHAM@GMAIL.COM');
INSERT INTO CONTACT
VALUES('DAVID WALLIAM',4377569852, 4161212123, 'BROTHER','DW1995@GMAIL.COM');
INSERT INTO CONTACT
VALUES('JASTIN TRUDO',4169856324, 4169674523, 'WIFE','JJTT@GMAIL.COM');
--INSERT INTO DEPARTMENT
--VALUES(216 ,'PROGRESS POLICE', '978 PROGRESS AVE', 6475672351);
INSERT INTO CRIME
VALUES(55101, 'FRAUD', 1, NULL, 2, 'TORONTO CITY', TO_DATE('25-FEB-24','DD-MON-YY'));
INSERT INTO CRIMINAL
VALUES(55101, 1011, 'LOKI','AZGARDIAN', 'M', TO_DATE('03-JUL-24','DD-MON-YY'), TO_DATE('19-SEP-95','DD-MON-YY'), '101 AZGARD', 4378732954);
INSERT INTO CASE
VALUES(1011, 1061011, 'SUPERIOR COURT', 'DONALD TRUMP', 'ONGOING', NULL, NULL);
INSERT INTO OFFICER
VALUES(09, 'TONY','STARK', 55101, 9987259, 216, 4166827618, 'CHIEF');
INSERT INTO OFFICER
VALUES(10, 'MOHAMMAD','QUAZI', 55101, 9987543, 217, 4375852408, 'DETECTIVE');
INSERT INTO VICTIM
VALUES(1019, 'ISHA', 'METWANI', 'F', 55101, TO_DATE('08-OCT-02','DD-MON-YY'), 'UNHARMED', '959 ROSE STREET', 4370012345);
INSERT INTO VICTIM
VALUES(1020, 'DAVID', 'WALLIAM', 'M', 55101, TO_DATE('11-APR-93','DD-MON-YY'), 'UNHARMED', '1324 LAWRENCE AV', 4370012345);
INSERT INTO VICTIM
VALUES(1021, 'JASTIN', 'TRUDO', 'M', 55101, TO_DATE('20-DEC-95','DD-MON-YY'), 'UNHARMED', '91 YOUNG STREET', 4370012345);

--SCENARIO 8 BY MQ
INSERT INTO CONTACT
VALUES('LARA CROFT', 4379631425, 4378527412, 'FRIEND', 'LARA@EXPLORER.COM');
INSERT INTO CONTACT
VALUES('NATHAN DRAKE', 4168524141, 4596524747, 'FRIEND', 'NATHAN@ADVENTURE.COM');
INSERT INTO CONTACT
VALUES('CLARK KENT', 4375856363, 4162563987, 'WIFE', 'DRAKE@EXPLORER.COM');
INSERT INTO CONTACT
VALUES('BRUCE WAYNE', 4378523697, 4168732459, 'BROTHER', 'BATMAN@ADVENTURE.COM');
--INSERT INTO DEPARTMENT
--VALUES(217,'BAYVIEW POLICE', '53 BAYVIEW PLAZA', 6475794358);
INSERT INTO CRIME
VALUES(22301, 'MURDER', 1, 1, 2, '77 PERI STREET', TO_DATE('12-JUN-24', 'DD-MON-YY'));
INSERT INTO CRIMINAL
VALUES(22301, 1012, 'LARA', 'CROFT', 'F', NULL, TO_DATE('14-OCT-85', 'DD-MON-YY'), '123 EXPLORER LN', 4379631425);
--NO CASE, CRIMINAL NOT ARRESTED
INSERT INTO WEAPON
VALUES(6001, 22301, 'GUN', 'GUN12345');
INSERT INTO OFFICER
VALUES(11, 'CLARK', 'KENT', 22301, 9997362, 217, 4375856363, 'DETECTIVE');
INSERT INTO OFFICER
VALUES(12, 'BRUCE', 'WAYNE', 22301, 9997458, 217, 4378523697, 'SERGEANT');
INSERT INTO VICTIM
VALUES(1022, 'NATHAN', 'DRAKE', 'M', 22301, TO_DATE('21-MAY-90', 'DD-MON-YY'), 'INJURED', '789 MAIN ST', 4168524141);

--SCENARIO 10 BY AD
INSERT INTO CONTACT 
VALUES('HARLEY QUINN', 4379872347, NULL, 'NULL', 'NULL');
INSERT INTO CONTACT
VALUES('JOEY TRIBBIANI', 6472213271, 4372317623, 'FRIEND', 'JOEYT25@GMAIL.COM');
--INSERT INTO DEPARTMENT
--VALUES(217,'BAYVIEW POLICE', '53 BAYVIEW PLAZA', 6475794358);
INSERT INTO CRIME
VALUES(11104, 'ROBBERY', 1, 1, 1, '10 DUNDAS SQ', TO_DATE('21-MAY-24', 'DD-MON-YY'));
INSERT INTO CRIMINAL
VALUES(11104, 1013, 'HARLEY', 'QUINN', 'F', TO_DATE('29-MAY-24', 'DD-MON-YY'), TO_DATE('12-JUN-01', 'DD-MON-YY'), 'NULL', 4379872347);
INSERT INTO CASE
VALUES(1013, 1081013, 'CITY COURT', 'RAYMOND HOLT', 'CLOSED', 'NOT GUILTY', 'NULL');
INSERT INTO WEAPON
VALUES(5010, 11104, 'PISTOL', 'PIS215632');
INSERT INTO OFFICER
VALUES(13, 'ROJINA', 'CHEMJONG', 11104, 9957365, 217, 4169950371, 'CONSTABLE');
INSERT INTO VICTIM
VALUES(1023, 'JOEY', 'TRIBBIANI', 'M', 11104, TO_DATE('25-JUL-67', 'DD-MON-YY'), 'INJURED', '53 BERNER TRAIL', 6472213271);

--SCENARIO 11 BY AD
INSERT INTO CONTACT
VALUES('MIKE ROSS', 4378621242, 6473287234, 'FRIEND', 'MROSS@YAHOO.COM');
INSERT INTO CONTACT
VALUES('HARVEY SPECTER', 6473287234, 6472134572, 'ASSISTANT', 'HARVSPECTER12@GMAIL.COM');
--INSERT INTO DEPARTMENT
--VALUES(216 ,'PROGRESS POLICE', '978 PROGRESS AVE', 6475672351);
INSERT INTO CRIME
VALUES(55102, 'FRAUD', 1, NULL, 2, '333 BAY ST', TO_DATE('25-JUL-20', 'DD-MON-YY'));
INSERT INTO CRIMINAL
VALUES(55102, 1015, 'MIKE', 'ROSS', 'M', TO_DATE('15-JUN-24', 'DD-MON-YY'), TO_DATE('27-AUG-91', 'DD-MON-YY'), '10 BROOKLYN DR', 4378621242);
INSERT INTO CASE
VALUES(1015, 1091015, 'SUPREME COURT', 'RAYMOND HOLT', 'PENDING', 'NULL', 'NULL');
INSERT INTO OFFICER
VALUES(14, 'MOHAMMAD','QUAZI', 55102, 9987543, 217, 4375852408, 'DETECTIVE');
INSERT INTO OFFICER
VALUES(15, 'ABDALLAH','DIVKAR', 55102, 9987435, 217, 4379553205, 'DETECTIVE');
INSERT INTO VICTIM
VALUES(1024, 'HARVEY', 'SPECTER', 'M', 55102, TO_DATE('19-JAN-72', 'DD-MON-YY'),  'UNHARMED', '12 MANHATTAN DR', 6473287234);

SELECT * FROM CONTACT;
SELECT * FROM CRIME;
SELECT * FROM CRIMINAL;
SELECT * FROM DEPARTMENT;
SELECT * FROM CASE;
SELECT * FROM WEAPON;
SELECT * FROM OFFICER;
SELECT * FROM VICTIM;


--QUERIES
--SHOW ALL THE CRIMES WHERE MORE THAN 1 CRIMINAL WAS INVOLVES
SELECT * FROM crime
WHERE CRIMINALS > 1;

--SHOW ME THE CRIMES HAPPEND IN THE FIRST QUARTER OF 2024
SELECT * FROM crime
WHERE crime_date BETWEEN '01-JAN-24' AND '31-MAR-24';

--FIND THE ADDRESS AND THE PHONE NUMBER FOR THE ALIVE VICTIMS
SELECT F_NAME, ADDRESS, PHONE#
    FROM VICTIM
        WHERE STATUS IN ('UNHARMED','INJURED');
        
--FIND THE EMERGENCY DETAILS WITH CODE 647
SELECT NAME, EMERGENCY, RELATION
    FROM CONTACT
        WHERE EMERGENCY LIKE '647%';
        
--SHOW THE CASES TAKEN BY JUDGE RYAN WHICH IS CLIODSED
SELECT CASE#, CRIMINAL_ID, JUDGE, STATUS
    FROM CASE
        WHERE STATUS = 'PENDING' AND JUDGE LIKE 'RYAN%';
        
--SHOW CASES TAKEN BY RYAN OR ANY CASE THAT IS PENDING
SELECT CASE#, CRIMINAL_ID, JUDGE, STATUS
    FROM CASE
        WHERE STATUS = 'PENDING' OR JUDGE LIKE 'RYAN%';  

--SHOW THE CRIME RECORDS OF MURDER OR ANY OTHER CRIME WITH MORE THAN 1 CRIMINALS AND IT SHOULD HAVE MORE THAN 1 OFFICER
SELECT * FROM crime
    WHERE (TYPE = 'MURDER'
    OR CRIMINALS > 1)
    AND OFFICERS > 1;

--SHOW THE CRIMINALS WHO ARE NOT BEEN ARRESTED
SELECT CRIME_ID, CRIMINAL_ID, F_NAME, L_NAME
    FROM CRIMINAL
        WHERE ARREST_DATE IS NULL;

--HOW MANY CRIMES SOLVED BY A PARTICULAR OFFICER
SELECT 
    c.CRIME_ID, 
    c.TYPE, 
    c.ADDRESS, 
    c.CRIME_DATE,
    O.BADGE#,
    O.F_NAME,
    O.L_NAME
FROM 
    CRIME c
JOIN 
    OFFICER o
ON 
    c.CRIME_ID = o.CRIME_ID
WHERE 
    o.BADGE# = 9987435;
    
--Shows the murders reported
SELECT * FROM CRIME 
WHERE SUBSTR(CRIME_ID, 1 , 2) = 22;

--Cases that have been closed
SELECT CASE# , VERDICT, SENTENCE
FROM CASE
WHERE STATUS = 'CLOSED';

--Find all officers who were involved in a crime in a specific department
SELECT 
    o.F_NAME, 
    o.L_NAME,
    o.CRIME_ID,
    d.NAME AS DEPARTMENT_NAME
FROM 
    OFFICER o
JOIN 
    DEPARTMENT d ON o.DEPARTMENT_ID = d.DEPARTMENT_ID
WHERE 
    d.NAME = 'BAYVIEW POLICE';
    
--Get the names of criminals and their associated crimes where the crime involved more than 1 weapons
SELECT 
    c.F_NAME, 
    c.L_NAME, 
    cr.TYPE,
    cr.CRIME_ID
FROM 
    CRIMINAL c
JOIN 
    CRIME cr ON c.CRIME_ID = cr.CRIME_ID
WHERE 
    cr.WEAPONS > 1;

--Retrieve the contact details of victims who were injured in a crime 
SELECT 
    v.F_NAME, 
    v.L_NAME, 
    co.PHONE#, 
    co.EMAIL
FROM 
    VICTIM v
JOIN 
    CONTACT co ON v.PHONE# = co.PHONE#
WHERE 
    v.STATUS = 'INJURED';
    
--FIND OUT HOW MANY ARRESTS MADE BY EACH OFFICER
SELECT 
    O.F_NAME + ' ' + O.L_NAME AS NAME, 
    O.BADGE#,
    COUNT(CR.CRIMINAL_ID) AS ARRESTS
FROM 
    OFFICER O
JOIN 
    CRIMINAL CR ON O.CRIME_ID = CR.CRIME_ID -- Adjust according to your schema
GROUP BY 
    O.F_NAME, O.L_NAME, O.BADGE#;